number,values_0,value,params_brics_min_freq,params_colsample_bytree,params_early_stopping_rounds,params_gamma,params_learning_rate,params_max_depth,params_min_child_weight,params_num_boost_round,params_reg_alpha,params_reg_lambda,params_rings_min_freq,params_side_min_freq,params_subsample,state,user_attrs_cv_recall,user_attrs_val_metric
0,0.9517676499717034,0.9517676499717034,3,0.9380077226955729,262,2.143009280282333,0.002151080476173534,15,2,1558,0.749506009491348,0.34812238402494367,3,5,0.9931925538089087,COMPLETE,0.795263540948441,0.9517676499717034
1,0.9484560696095078,0.9484560696095078,3,0.4327450320867102,126,0.7177170966442153,0.04622312250703775,13,12,406,2.0811172836609853,2.5119883636543423,3,5,0.5804021811932477,COMPLETE,0.7891365969508926,0.9484560696095078
2,0.9426181380871533,0.9426181380871533,3,0.8327426382562672,210,0.3912674172750952,0.005645640096038153,7,11,1368,0.8005670933861048,2.066360805775612,3,5,0.556679205170685,COMPLETE,0.7711541408105417,0.9426181380871533
3,0.9255676994906622,0.9255676994906622,3,0.7047367433729542,92,1.3535457337497125,0.006549085963534948,5,9,406,4.140867344711527,4.292095418183244,3,5,0.85130323208306,COMPLETE,0.7045162031716846,0.9255676994906622
4,0.9416153791737408,0.9416153791737408,3,0.6454137770647143,243,2.164980931194149,0.0029322837481657485,25,6,1726,4.775909996499052,1.983960485681019,3,5,0.573323120785663,COMPLETE,0.7579962460736995,0.9416153791737408
5,0.9394391977928692,0.9394391977928692,3,0.7967757880381079,277,1.61916199839511,0.01249609966593589,27,4,187,2.901124340361944,1.5612412311496686,3,5,0.4399320848719699,COMPLETE,0.7514172987052785,0.9394391977928692
6,0.9475965619694398,0.9475965619694398,3,0.963203679049562,173,0.3372365508096009,0.004950307909477984,23,14,1834,2.1364487070685705,3.472627835134472,3,5,0.7257030690184731,COMPLETE,0.7843062897418218,0.9475965619694398
7,0.9402889784946237,0.9402889784946237,3,0.7173221473977313,83,2.046383333974603,0.005716125944196606,10,11,1305,2.613733485048846,3.00959354134715,3,5,0.4562629586374985,COMPLETE,0.752731172910442,0.9402889784946237
8,0.9507277518392756,0.9507277518392756,3,0.8828672505478323,232,1.3977457688510113,0.028186672666093288,13,8,510,1.24890737837746,3.395108552197893,3,5,0.928602917788636,COMPLETE,0.7948402666053781,0.9507277518392756
9,0.9458333333333333,0.9458333333333333,3,0.5437233272244242,285,1.5544757265044047,0.06568597495571213,4,14,1477,1.7178035134078395,0.4948501290084317,3,5,0.5699382707030547,COMPLETE,0.7799222400980618,0.9458333333333333
10,0.9471049094510469,0.9471049094510469,3,0.9939090822997425,29,3.8532455461754553,0.0012027012186361713,19,2,987,0.39790489303727644,0.14304071818873654,3,5,0.9843185340927063,COMPLETE,0.7799030874128554,0.9471049094510469
11,0.9490794779286927,0.9490794779286927,3,0.8733394899526152,215,3.300963273463351,0.23351791794126256,16,1,857,1.0908722076737594,4.82386444038538,3,5,0.9727313567713988,COMPLETE,0.7948230291886923,0.9490794779286927
12,0.9498381791171477,0.9498381791171477,3,0.9098457589760577,245,2.9775101937791346,0.034499427608638215,18,7,785,0.031333435125005527,0.9612580880843273,3,5,0.8647088964222619,COMPLETE,0.7900099593963074,0.9498381791171477
13,0.9387883771929824,0.9387883771929824,3,0.7836993675798714,170,4.78301059994304,0.0010899864214939654,12,4,641,1.273209180079947,3.6778716878412454,3,5,0.8666645186015915,COMPLETE,0.7540507929211675,0.9387883771929824
14,0.9471500070741369,0.9471500070741369,3,0.9122457464846504,290,2.7546269044934024,0.01802525978731868,21,4,1526,3.1961113077225956,2.8418570628628896,3,5,0.7502952685240871,COMPLETE,0.7895751934421206,0.9471500070741369
15,0.9449278438030561,0.9449278438030561,3,0.9295324431280376,206,3.7262624195271403,0.1739480283515944,15,9,1240,1.2781854591234545,1.0355743643502464,3,5,0.9179679439464583,COMPLETE,0.7860606757067341,0.9449278438030561
16,0.9540251839275609,0.9540251839275609,3,0.8394785350444463,248,1.0044302730257844,0.09200305346488277,10,5,1971,0.5202069991567398,3.637528026917395,3,5,0.8110884110499335,COMPLETE,0.8044778978012717,0.9540251839275609
17,0.9550686191284663,0.9550686191284663,3,0.6212151508721202,262,0.8413438153490549,0.11353275975099593,8,2,1956,0.4894480686156715,4.144634700408184,3,5,0.7908702273559227,COMPLETE,0.8084214356852831,0.9550686191284663
18,0.9532275749858516,0.9532275749858516,3,0.6178575814495988,298,1.0183953272676316,0.09573929595616534,8,5,1986,0.07866280029240968,4.171877260808177,3,5,0.7875415621651414,COMPLETE,0.8088542863709491,0.9532275749858516
19,0.9544743916242219,0.9544743916242219,3,0.5313145588692334,139,0.1025336450128691,0.13762434947571253,9,1,1966,3.4791888506835984,4.870826919167391,3,5,0.6503420883476675,COMPLETE,0.807971347582931,0.9544743916242219
20,0.9505217176004529,0.9505217176004529,3,0.49698522694262937,133,0.15405347902937105,0.15274514089619115,3,1,1171,3.744849576168866,4.726914627974749,3,5,0.6583982072538589,COMPLETE,0.7983279705814755,0.9505217176004529
21,0.9551110639501981,0.9551110639501981,3,0.5817453500325503,189,0.02170984429978029,0.09853658931676433,8,3,1970,3.6257224680459665,4.189555815213567,3,5,0.6690335925640909,COMPLETE,0.8110434382900482,0.9551110639501981
22,0.9530277306168646,0.9530277306168646,3,0.5708148835909609,185,0.11367660584310102,0.2573173101581822,7,3,1726,3.415150607946665,4.307360454068452,3,5,0.6724153710816738,COMPLETE,0.8040354707730024,0.9530277306168646
23,0.9524812535370684,0.9524812535370684,3,0.4649908826795013,142,0.6820481359150083,0.10085261431256158,10,2,1815,4.2125078980117125,4.989553393716122,3,5,0.6361080091424166,COMPLETE,0.8031582777905463,0.9524812535370684
24,0.9554099462365591,0.9554099462365591,3,0.6242081523876554,110,0.052247117000863694,0.05958402377687851,6,1,1993,3.7295769726672967,4.01396712444597,3,5,0.723229835766712,COMPLETE,0.8088619474450318,0.9554099462365591
25,0.9499071519524617,0.9499071519524617,3,0.6402383737563044,99,0.8403602732584629,0.05792825582766892,6,3,1642,4.8645940252810504,4.1367358452462595,3,5,0.7634496858071528,COMPLETE,0.7970275032559565,0.9499071519524617
26,0.953492855121675,0.953492855121675,3,0.6196585363461293,34,0.548183425231525,0.020620320468387583,30,3,1830,4.03720454111626,3.9340519157851346,3,5,0.7343852918387919,COMPLETE,0.7974584386731021,0.953492855121675
27,0.9437561898698359,0.9437561898698359,3,0.5829226553674304,54,1.146932100601831,0.0436863681426652,3,6,1845,4.472367051293392,2.969338977745291,3,5,0.7086891465210059,COMPLETE,0.7751034245001149,0.9437561898698359
28,0.9548811544991511,0.9548811544991511,3,0.7409011725319369,111,0.46455090257911436,0.0763780582554876,5,1,1615,2.793127636251148,4.41907403596425,3,5,0.8145825926961361,COMPLETE,0.8044836436068337,0.9548811544991511
29,0.9440550721561969,0.9440550721561969,3,0.6717399993121214,62,2.0210344353319245,0.1316980108767636,12,2,1465,3.803781373821271,3.286012385171659,3,5,0.5044270385537805,COMPLETE,0.7869359534206696,0.9440550721561969
30,0.9561005588568195,0.9561005588568195,3,0.5024488830114446,271,0.03683211261020494,0.012914850363878674,8,3,1682,2.219843942619416,3.8451065745500634,3,5,0.6145132799848656,COMPLETE,0.8027177660307976,0.9561005588568195
31,0.9569008205998867,0.9569008205998867,3,0.41218638088973386,267,0.012918268266401849,0.01255944599913065,8,3,1987,2.270209035863834,3.8985763030454255,3,5,0.6094151653948713,COMPLETE,0.8040393013100436,0.9569008205998867
32,0.9571148132427845,0.9571148132427845,3,0.4239404764047511,264,0.009137594305372415,0.010553196762117252,11,3,1713,2.268193101859234,3.8405888299564066,3,5,0.6168981673162304,COMPLETE,0.8044798130697923,0.9571148132427845
33,0.9550191001697794,0.9550191001697794,3,0.4194338213387242,272,0.49109395381755105,0.01212967283890986,14,5,1687,2.1641319247263175,3.805564623682233,3,5,0.6140624480902638,COMPLETE,0.7983432927296408,0.9550191001697794
34,0.9543735851726088,0.9543735851726088,3,0.459573600466731,261,0.32002462513603847,0.00936069093999492,11,4,1385,1.731987900901849,2.6609757732898895,3,5,0.5097523492772235,COMPLETE,0.7957136290507929,0.9543735851726088
35,0.9486877475947934,0.9486877475947934,3,0.40051100634104375,229,0.5823570912248694,0.008941178780297623,6,6,1779,2.326045956192994,4.5547397523547595,3,5,0.597474956227355,COMPLETE,0.7878208074772083,0.9486877475947934
36,0.9164491369552915,0.9164491369552915,3,0.4629683831535482,10,0.02881863839824916,0.002549273428048597,5,3,1561,1.6409023540128849,3.177729259588566,3,5,0.5101020152020925,COMPLETE,0.6720715544319315,0.9164491369552915
37,0.9414385257498584,0.9414385257498584,3,0.4962680490022354,266,0.32340069229135526,0.004029368519186931,7,2,1133,3.0261794267035005,2.3701122055001567,3,5,0.4004965456793107,COMPLETE,0.7566842871370566,0.9414385257498584
38,0.950719793435201,0.950719793435201,3,0.5132643537917191,300,1.273423406289758,0.025712067827941047,9,7,1871,2.4067859137694887,3.92658770991059,3,5,0.5427539314750494,COMPLETE,0.7930801348349037,0.950719793435201
39,0.9467282116581777,0.9467282116581777,3,0.43820606565947257,222,1.7294361959721085,0.0129255390766864,12,15,1700,1.9103134618962458,3.5295448811310273,3,5,0.6928530351759197,COMPLETE,0.7794913046809164,0.9467282116581777
40,0.941514572722128,0.941514572722128,3,0.4024513266473442,116,0.7829052635885895,0.008057789756292682,14,4,186,2.754563286769368,2.258684387931901,3,5,0.6131171128476534,COMPLETE,0.7365145943461273,0.941514572722128
41,0.9570847481607244,0.9570847481607244,3,0.5633363345212646,200,0.05672205399845183,0.014612633303341343,8,3,1889,2.5823447528305286,4.623825342866617,3,5,0.6935295731086643,COMPLETE,0.8049088332184173,0.9570847481607244
42,0.950249363327674,0.950249363327674,3,0.5492419353379872,160,0.27883829836382606,0.013566621419859802,6,11,1866,2.50378064156875,4.56087683079052,3,5,0.6255364090109324,COMPLETE,0.7935206465946526,0.950249363327674
43,0.9572050084889642,0.9572050084889642,3,0.48455521426706494,198,0.0006760451392153338,0.022209731361796322,9,3,1759,1.9739725372897383,3.958343967900837,3,5,0.6947735534865884,COMPLETE,0.80622079215506,0.9572050084889642
44,0.9567310413129597,0.9567310413129597,3,0.48968056962244566,199,0.3422862226602898,0.02252845446906339,11,5,1394,2.1152950623801896,4.614631060382238,3,5,0.5833092063937229,COMPLETE,0.7987703976097448,0.9567310413129597
45,0.9556663837011884,0.9556663837011884,3,0.43907587596499964,206,0.39374913971592274,0.023123302260088376,11,5,1437,1.9212411264092477,4.651140739327147,3,5,0.5730916232348461,COMPLETE,0.8000842718149086,0.9556663837011884
46,0.9559900254668929,0.9559900254668929,3,0.4758630243007217,194,0.7257529220328465,0.03893554628896711,17,4,1315,1.5823862326731535,4.429448770839157,3,5,0.5549800528400376,COMPLETE,0.7983375469240788,0.9559900254668929
47,0.9398441921335596,0.9398441921335596,3,0.43219965084941664,235,4.9307097832156925,0.01643541899310844,11,7,1571,1.9875995961781983,1.7851784310631302,3,5,0.533559032784931,COMPLETE,0.7571171378227227,0.9398441921335596
48,0.9557972552348614,0.9557972552348614,3,0.5324853117082097,250,0.28725214950248806,0.030981075383629264,13,5,1730,2.5857019599155056,3.689956387720369,3,5,0.6938873038113281,COMPLETE,0.804037386041523,0.9557972552348614
49,0.9474904499151103,0.9474904499151103,3,0.48369787322578844,180,0.9947726810894726,0.0063170068774156315,9,9,1887,3.051028011550396,4.998376073710608,3,5,0.5849443913083808,COMPLETE,0.7790507929211676,0.9474904499151103
50,0.9490432229767969,0.9490432229767969,3,0.4580937910587447,157,2.3756435741645667,0.017181406277856113,14,6,963,0.8548261195306417,3.4111035379724886,3,5,0.4558235789018247,COMPLETE,0.7834329272964069,0.9490432229767969
51,0.9497559422750425,0.9497559422750425,3,0.5100624173491478,283,0.012432881619704968,0.004316559521447211,8,3,1632,2.2201003579472145,3.8528556308072015,3,5,0.6421864865405794,COMPLETE,0.786505018003524,0.9497559422750425
52,0.9578646717600453,0.9578646717600453,3,0.5604061460201354,200,0.2107471561930749,0.011112906462160071,10,2,1903,1.3996666483341227,4.309597488718364,3,5,0.5874025880840524,COMPLETE,0.8040335555044816,0.9578646717600453
53,0.9570723684210526,0.9570723684210526,3,0.5623618056258713,199,0.5297005325253233,0.009890414756257621,10,2,1772,1.52645449787561,4.364470555417183,3,5,0.5942503448695982,COMPLETE,0.8044664061901479,0.9570723684210526
54,0.9572368421052632,0.9572368421052632,3,0.5611544141602025,220,0.5849209768822419,0.007441790654838681,10,2,1768,1.447974910887663,4.270971194902749,3,5,0.6766871587001232,COMPLETE,0.8057898567379148,0.9572368421052632
55,0.9567929400113185,0.9567929400113185,3,0.5602887998233205,218,0.5879336503704488,0.00711113838169871,10,2,1778,1.4256048179072063,4.354931293682377,3,5,0.6809536299931542,COMPLETE,0.8053512602466866,0.9567929400113185
56,0.9527261955291455,0.9527261955291455,3,0.601956566593077,173,1.423810706819606,0.01012247399450731,16,2,329,1.0429516172210334,4.111542349657699,3,5,0.6510350108909214,COMPLETE,0.7926357925381138,0.9527261955291455
57,0.9552154074702887,0.9552154074702887,3,0.5206212524132693,208,0.22072462548173394,0.003065814814476777,13,1,1500,1.4150426713387225,4.781589561526133,3,5,0.7523568308191901,COMPLETE,0.7961483950049797,0.9552154074702887
58,0.9552313242784382,0.9552313242784382,3,0.6704980870504376,236,0.9083390236030726,0.007408172996849808,9,4,1905,1.0393024416396033,4.321495529632751,3,5,0.7000957329703921,COMPLETE,0.8040393013100436,0.9552313242784382
59,0.957197934352009,0.957197934352009,3,0.5465290509043594,199,1.123909910068628,0.004706989516428911,20,1,1767,0.7724146218383106,3.6335403567737306,3,5,0.7277228982980797,COMPLETE,0.8009691258714471,0.957197934352009
60,0.9495118845500848,0.9495118845500848,3,0.5938737698300592,166,1.1361795404297959,0.0050360988698166555,21,12,1593,0.24479177387243534,3.5845176985432623,3,5,0.7158915841027205,COMPLETE,0.7904504711560562,0.9495118845500848
61,0.9588992642897566,0.9588992642897566,3,0.555345481799138,181,0.6115131856829126,0.010044565298232075,21,1,1762,0.6595489540095343,4.450196402214999,3,5,0.7313691504525057,COMPLETE,0.8075404121657856,0.9588992642897566
62,0.9565471137521222,0.9565471137521222,3,0.5307669900260423,180,0.6442499053281066,0.0015886920604734555,24,1,1759,0.7142266718172448,4.054466360086622,3,5,0.745597838720001,COMPLETE,0.7895694476365588,0.9565471137521222
63,0.9497426782682512,0.9497426782682512,3,0.5387100179864014,225,4.4350856540152845,0.005593017286478733,20,1,1915,0.777613883200768,4.548914581219732,3,5,0.7670357333209028,COMPLETE,0.7834290967593656,0.9497426782682512
64,0.9590831918505942,0.9590831918505942,3,0.5737802637669349,145,0.21568662892983648,0.016025608054874164,23,2,1808,0.6110231423523012,3.2208769142326696,3,5,0.7859188556493615,COMPLETE,0.8097353098904465,0.9590831918505942
65,0.9588568194680249,0.9588568194680249,3,0.6003545333374883,186,0.19052559494246168,0.011246228541606687,22,1,1659,0.652826924848303,3.3400836499020823,3,5,0.8281453493070365,COMPLETE,0.8084176051482418,0.9588568194680249
66,0.9546485922467459,0.9546485922467459,3,0.604679193375937,148,1.733830588126601,0.0040821591580505545,23,1,1814,0.6066817986370682,3.289762046377777,3,5,0.8430656004575612,COMPLETE,0.7983375469240788,0.9546485922467459
67,0.9578310696095077,0.9578310696095077,3,0.6438185978778815,187,0.7662560663938104,0.01946626879919603,27,2,1635,0.38415444621947675,3.1285253311229644,3,5,0.8892512238370854,COMPLETE,0.8057860262008735,0.9578310696095077
68,0.9532744411431806,0.9532744411431806,3,0.6532916545350397,186,3.1585564127297054,0.019594567328734876,26,2,1655,0.34095053947136106,2.8008114351565276,3,5,0.9136952583344501,COMPLETE,0.7952712020225237,0.9532744411431806
69,0.9580043859649123,0.9580043859649123,3,0.7064063266094397,130,0.7263270909815208,0.029990339644118815,30,2,1932,0.23550965559386605,3.0929107466222474,3,5,0.8861313135007953,COMPLETE,0.8040335555044817,0.9580043859649123
70,0.9576612903225806,0.9576612903225806,3,0.7244670033515597,138,0.7895289068161823,0.02900800707327208,29,2,1933,0.13125925056753515,2.9563373314047237,3,5,0.8411254182509424,COMPLETE,0.8049107484869378,0.9576612903225806
71,0.955661078098472,0.955661078098472,3,0.7376421250676553,133,0.8740212648908099,0.034114087334069974,29,2,1915,0.2548530167716879,2.9295904131652404,3,5,0.8830840617992256,COMPLETE,0.8000900176204704,0.955661078098472
72,0.9574013157894736,0.9574013157894736,3,0.6967795819079696,146,0.7298321536288306,0.028204505416889646,28,2,1829,0.005262093236118981,3.138702529063357,3,5,0.8383906238019452,COMPLETE,0.805349344978166,0.9574013157894736
73,0.9565683361629881,0.9565683361629881,3,0.6929858310984235,126,0.7168682537022025,0.04962720467260705,28,1,1823,0.00782791669820826,3.1270880752368337,3,5,0.8316425652578923,COMPLETE,0.8114820347812763,0.9565683361629881
74,0.9587913837011885,0.9587913837011885,3,0.76171722185559,150,0.19827150380568326,0.02758865907914756,27,2,1930,0.1382988986466188,2.6274634351526864,3,5,0.9579363802222634,COMPLETE,0.8101700758446334,0.9587913837011885
75,0.9572014714204866,0.9572014714204866,3,0.7828697785343955,152,0.45555645497057123,0.04041983188904112,26,1,1943,0.48846545679981324,2.6242917933554057,3,5,0.948964236875803,COMPLETE,0.8070979851375164,0.9572014714204866
76,0.9583280277306169,0.9583280277306169,3,0.7514322419092929,164,0.19418218158537448,0.015600271450707958,30,2,752,0.15745295066427956,2.751478494734562,3,5,0.8896729872880023,COMPLETE,0.8084195204167625,0.9583280277306169
77,0.9581989247311826,0.9581989247311826,3,0.7670961835538348,168,0.2215664746365299,0.01598180734086306,23,1,720,0.9199960600252983,2.1306976263710706,3,5,0.8831936543828918,COMPLETE,0.8123649735692945,0.9581989247311826
78,0.9576471420486701,0.9576471420486701,3,0.759631874416017,169,0.18188251528589672,0.011534574223189752,23,1,459,0.5625659589788569,2.089835027308264,3,5,0.9578722628475033,COMPLETE,0.8022772542710488,0.9576471420486701
79,0.9584801216751555,0.9584801216751555,3,0.8461663063902736,120,0.1809345342496698,0.014589123569965846,22,1,693,0.9480917989218051,2.4602015365779697,3,5,0.7953505919319032,COMPLETE,0.8132421665517505,0.9584801216751555
80,0.9565718732314658,0.9565718732314658,3,0.8334827067571887,123,0.4320173316198629,0.016648874837730372,22,1,619,0.8896423138928508,2.475891212987218,3,5,0.9981244488760412,COMPLETE,0.807538496897265,0.9565718732314658
81,0.958725947934352,0.958725947934352,3,0.8092354953020083,89,0.2419065357977936,0.016174575006468617,24,1,728,0.6373684712774319,2.7523347147309707,3,5,0.7970569645048622,COMPLETE,0.8097372251589674,0.958725947934352
82,0.958227221279004,0.958227221279004,3,0.8077704309572591,91,0.19486778133493865,0.01513086795626182,24,1,767,1.1809748794905515,2.2090095351095593,3,5,0.7905810452829755,COMPLETE,0.8128054853290431,0.958227221279004
83,0.9575056593095643,0.9575056593095643,3,0.8117151594609627,75,0.16841053748633295,0.01466923782077517,24,1,788,1.2114560644582122,1.8540221189890471,3,5,0.78853770328866,COMPLETE,0.8092928828621773,0.9575056593095643
84,0.9560262804187889,0.9560262804187889,3,0.8675192635674506,85,0.33778937294627515,0.0085196568766091,25,1,706,0.6135111754133802,2.2141782995817354,3,5,0.8140220520274603,COMPLETE,0.8084176051482418,0.9560262804187889
85,0.9587330220713073,0.9587330220713073,3,0.8166123131243475,100,0.21796183683967024,0.015349698565854322,22,1,876,0.9006204329183938,1.410530026689406,3,5,0.8055274630843475,COMPLETE,0.8101796521872366,0.9587330220713073
86,0.95731642614601,0.95731642614601,3,0.8096894158816668,101,0.4470158463721014,0.02557649665484153,22,1,905,1.1200080253861813,1.1408849330385478,3,5,0.803816424459273,COMPLETE,0.809298628667739,0.95731642614601
87,0.9572757498585173,0.9572757498585173,3,0.8675618100872385,99,0.14114605479066877,0.014350474224943992,19,3,837,0.4463358275159597,1.4629540835021675,3,5,0.776089028278994,COMPLETE,0.80272542710488,0.9572757498585173
88,0.9580680531975099,0.9580680531975099,3,0.8519227021312207,116,0.39196416049389626,0.01870768284129653,24,1,577,0.9700072559213379,0.5353225752267189,3,5,0.8615326306319244,COMPLETE,0.8097333946219261,0.9580680531975099
89,0.953514077532541,0.953514077532541,3,0.9037825400856305,77,0.2577577082105065,0.01173449703525518,25,8,749,0.6590036583997041,2.709295929984118,3,5,0.7978384262218358,COMPLETE,0.7996609974718456,0.953514077532541
90,0.9512370897000566,0.9512370897000566,3,0.8145977779317845,59,3.7509876568380465,0.02525413735986814,22,2,1017,0.17132666684628584,2.488318936468161,3,5,0.8181226883014128,COMPLETE,0.7908890676472842,0.9512370897000566
91,0.9577903933220147,0.9577903933220147,3,0.7750942501925209,160,0.17859550079429334,0.015405610383232965,23,1,699,0.9415493743951978,2.3180849284990312,3,5,0.7786304040800651,COMPLETE,0.8141193595342067,0.9577903933220147
92,0.9577037351443125,0.9577037351443125,3,0.7540732517037083,91,0.5122516450310963,0.020555718465871235,21,1,912,1.2126657208438976,2.0148189003596904,3,5,0.9204385277441895,COMPLETE,0.8071037309430782,0.9577037351443125
93,0.9585190294284097,0.9585190294284097,3,0.7990726430247129,110,0.14654105066615397,0.0165338175325716,20,1,806,0.7886759443322627,1.5623292945452865,3,5,0.8268266572261201,COMPLETE,0.8119244618095458,0.9585190294284097
94,0.9574755942275043,0.9574755942275043,3,0.7892215480534698,107,0.3647712008636093,0.013250725464914048,20,2,656,0.3594111367321505,1.5841770064256309,3,5,0.8257234872143075,COMPLETE,0.8040316402359611,0.9574755942275043
95,0.9576948924731183,0.9576948924731183,3,0.8229535392484765,92,0.16235783501604237,0.009370318737959437,18,2,810,0.7720644273770809,1.3015737075442138,3,5,0.8665951141533892,COMPLETE,0.8040354707730023,0.9576948924731183
96,0.9559122099603848,0.9559122099603848,3,0.796621481139263,70,0.5931506252748666,0.017881081819303278,21,10,1086,0.6643047016711972,0.8570700547035515,3,5,0.8519483068894395,COMPLETE,0.8044836436068337,0.9559122099603848
97,0.9526669496321448,0.9526669496321448,3,0.8519148900231379,121,2.72956778579522,0.022576398950929492,22,3,889,0.4730268890720809,1.8826946903601436,3,5,0.739169113586524,COMPLETE,0.7952692867540029,0.9526669496321448
98,0.9573005093378607,0.9573005093378607,3,0.8845634565211038,107,0.12451880503101245,0.010932212606149254,26,1,542,1.1342117401222511,2.769582638279462,3,5,0.9045591424637193,COMPLETE,0.8040297249674404,0.9573005093378607
99,0.9573164261460102,0.9573164261460102,3,0.7480325222775402,140,0.3073230790628664,0.012896321123368002,19,3,662,0.3214430827679519,2.612153757693515,3,5,0.764130788358251,COMPLETE,0.801403891825634,0.9573164261460102
100,0.9569503395585739,0.9569503395585739,3,0.8452141617508226,176,0.4669310412272698,0.03442663517925724,25,1,747,0.5624403081371401,2.4235129875391266,3,5,0.8040745022264408,COMPLETE,0.8062246226921015,0.9569503395585739
101,0.9581741652518394,0.9581741652518394,3,0.7669796280975247,154,0.24661237697950217,0.01592507282505195,24,1,741,0.9046904487831449,2.5894607009227886,3,5,0.8241268233286191,COMPLETE,0.8149888914425801,0.9581741652518394
102,0.9578346066779853,0.9578346066779853,3,0.7757731313246874,90,0.10407355832330133,0.015283229494596266,23,2,610,0.8122457795083907,2.0984054745898817,3,5,0.7815185479097453,COMPLETE,0.8040335555044817,0.9578346066779853
103,0.9578505234861348,0.9578505234861348,3,0.8006879231398782,162,0.27596005130043827,0.017771130859281913,22,1,859,0.965084635162863,2.1695740971668376,3,5,0.9364593700575986,COMPLETE,0.806226537960622,0.9578505234861348
104,0.9472004102999436,0.9472004102999436,3,0.8211897287945796,114,0.08189322083740086,0.00823942296754158,23,12,710,0.7156026924940825,1.5582309340601923,3,5,0.7555859716252956,COMPLETE,0.7834290967593656,0.9472004102999436
105,0.9584571307300509,0.9584571307300509,3,0.7293294073244002,102,0.3855700066298706,0.02128656666184991,21,2,809,0.1371130820401698,2.843106112933557,3,5,0.8554270307696636,COMPLETE,0.806661303914809,0.9584571307300509
106,0.958435908319185,0.958435908319185,3,0.7988420779590227,103,0.6230608100479098,0.024338587364779455,20,2,812,0.15156177635141754,2.91610587867796,3,5,0.7984820447501292,COMPLETE,0.8088504558339078,0.958435908319185
107,0.9565948641765705,0.9565948641765705,3,0.7276715379838679,101,0.9448965885941654,0.023506163550984085,21,3,936,0.13054172784671725,2.8859776345602084,3,5,0.801310645157121,COMPLETE,0.801842488316862,0.9565948641765705
108,0.9579902376910018,0.9579902376910018,3,0.7110891479749649,120,0.6116305912659827,0.0207269772236879,19,2,835,0.17180754807019993,3.223158626881249,3,5,0.8531070809558351,COMPLETE,0.8066613039148087,0.9579902376910018
109,0.9580379881154499,0.9580379881154499,3,0.8269312504260754,132,0.3906998662943374,0.010255185779185712,20,2,995,0.3050778090277326,3.349051655463407,3,5,0.8742814680953126,COMPLETE,0.8097333946219261,0.9580379881154499
110,0.9576736700622523,0.9576736700622523,3,0.7371658338086474,83,0.5034060000153848,0.03300348954504743,18,3,795,0.07942444001377978,3.4622025658317077,3,5,0.9040570639171298,COMPLETE,0.8031621083275875,0.9576736700622523
111,0.9571873231465762,0.9571873231465762,3,0.7883301219931477,105,0.34274512680682545,0.02560537355293963,20,2,671,1.3140995112136264,2.736053404278895,3,5,0.7945623495006607,COMPLETE,0.8071037309430782,0.9571873231465762
112,0.9574870897000565,0.9574870897000565,3,0.7991699358903803,93,0.007291362594804229,0.013623606900414476,27,1,875,0.4158051595282358,3.0149534514514045,3,5,0.9731478743065478,COMPLETE,0.8106086723358615,0.9574870897000565
113,0.9505668152235427,0.9505668152235427,3,0.5768370139371339,96,4.112330950714638,0.017895976728585093,21,2,769,0.5066335608942885,2.87305032977037,3,5,0.768085466798718,COMPLETE,0.7878150616716464,0.9505668152235427
114,0.9577320316921336,0.9577320316921336,3,0.8350636218709192,111,0.2458490026319793,0.02117768862146238,22,2,815,0.2061855988671306,2.3184078450765004,3,5,0.8330592503317059,COMPLETE,0.8079732628514517,0.9577320316921336
115,0.9578487549518958,0.9578487549518958,3,0.6857006840381344,71,0.6180266484478447,0.011831748169712289,24,1,1228,0.5883741162290885,2.528797979161335,3,5,0.8128113309809024,COMPLETE,0.8079790086570137,0.9578487549518958
116,0.9583828522920204,0.9583828522920204,3,0.7624755037947848,84,0.12321599021618909,0.014217408622636528,21,1,597,0.3832438483312297,2.8148009569609598,3,5,0.790075438437771,COMPLETE,0.8114858653183177,0.9583828522920204
117,0.9561430036785514,0.9561430036785514,3,0.7236159781193273,85,0.39253838803131846,0.0063586068612328074,21,2,540,0.41439794387082723,3.0112777563365394,3,5,0.8554043263855777,COMPLETE,0.7948230291886922,0.9561430036785514
118,0.9571139289756649,0.9571139289756649,3,0.7519611488268739,51,0.5324338304598353,0.019646186048681374,18,1,496,0.2730180917992676,2.795211548551851,3,5,0.8408270653098262,COMPLETE,0.8075365816287443,0.9571139289756649
119,0.9563791029994342,0.9563791029994342,3,0.9534909226269306,144,0.08422174959973891,0.02726645721744186,20,4,424,0.08747014792783414,3.0723527624858793,3,5,0.8239050881154515,COMPLETE,0.8088600321765111,0.9563791029994342
120,0.9573694821731749,0.9573694821731749,3,0.5889547352954925,151,0.11571994829325881,0.009498368359905376,22,2,592,0.6627718198171819,3.251451019516278,3,5,0.7783723902890116,COMPLETE,0.8014058070941544,0.9573694821731749
121,0.9579088851160158,0.9579088851160158,3,0.7760319605491401,78,0.24609537023558425,0.01439061772991037,22,1,779,0.8258003002239349,1.703195714219521,3,5,0.7885810875757339,COMPLETE,0.8084214356852831,0.9579088851160158
122,0.9583687040181097,0.9583687040181097,3,0.8042413605934656,192,0.003999397503257812,0.012018309412662123,25,1,698,0.47734568757942464,2.670597236289204,3,5,0.8089062987322783,COMPLETE,0.8101739063816747,0.9583687040181097
123,0.9581706281833616,0.9581706281833616,3,0.7653105732282501,177,0.3224348057479056,0.012632726981268284,25,1,632,0.5078210078509102,2.6741178276964863,3,5,0.8063397984286619,COMPLETE,0.8110415230215275,0.9581706281833616
124,0.9474515421618562,0.9474515421618562,3,0.7923585410311558,182,0.00617065308302614,0.01080185489310856,28,14,673,0.38896765900590563,2.529955410305464,3,5,0.7589566560866265,COMPLETE,0.7895751934421206,0.9474515421618562
125,0.9584730475382003,0.9584730475382003,3,0.7360384319184005,213,0.11148956196172098,0.016434027778469293,23,1,936,0.28308616500224093,2.941193631241377,3,5,0.7445487053308584,COMPLETE,0.8123630583007738,0.9584730475382003
126,0.957595854555744,0.957595854555744,3,0.8433331539978988,190,0.41711652084649853,0.017097554948900483,21,1,963,0.7078016787560828,2.8467580397416525,3,5,0.7391374091542472,COMPLETE,0.8114877805868381,0.957595854555744
127,0.9586746604414261,0.9586746604414261,3,0.734930869796105,194,3.397692980516842e-05,0.024000078047358993,23,1,301,0.30869799991188007,2.929285427907142,3,5,0.7263237901285466,COMPLETE,0.8106086723358615,0.9586746604414261
128,0.9590584323712508,0.9590584323712508,3,0.7165815087398926,206,0.11515063089560496,0.021474831783212113,23,1,248,0.27267474774154765,1.3331130635700423,3,5,0.7247931122341345,COMPLETE,0.8075404121657858,0.9590584323712508
129,0.9552790747028862,0.9552790747028862,3,0.6672522968752292,212,0.28844090148536294,0.04209756748255108,23,2,112,0.07610612676445844,0.021691447762743454,3,5,0.7261435655660757,COMPLETE,0.8040278096989197,0.9552790747028862
